model,source_dataset,support,accuracy,macro_f1,balanced_accuracy,ordinal_mae
V1,ComplexDataLab/OpenFake,50,0.68,0.46480378683768514,0.45287356321839073,0.34
V1,RRDataset,60,0.7833333333333333,0.7158707833813319,0.7218864468864469,0.21666666666666667
V1,saberzl/SID_Set,30,0.7,0.7838509316770187,0.7947368421052632,0.3
V2,ComplexDataLab/OpenFake,50,0.68,0.45506982392228296,0.4477011494252874,0.34
V2,RRDataset,60,0.8,0.7302197802197803,0.7302197802197803,0.2
V2,saberzl/SID_Set,30,0.7333333333333333,0.8104575163398692,0.8280701754385964,0.26666666666666666
V3,ComplexDataLab/OpenFake,50,0.68,0.44002525252525254,0.4373563218390804,0.32
V3,RRDataset,60,0.8333333333333334,0.7805555555555556,0.7861721611721612,0.16666666666666666
V3,saberzl/SID_Set,30,0.7333333333333333,0.815873015873016,0.8596491228070176,0.26666666666666666
