model,class,precision,recall,f1,support
V1,low,0.7446808510638298,0.6730769230769231,0.7070707070707071,52
V1,medium,0.7560975609756098,0.7848101265822784,0.7701863354037267,79
V1,high,0.45454545454545453,0.5555555555555556,0.5,9
V2,low,0.7727272727272727,0.6538461538461539,0.7083333333333334,52
V2,medium,0.7558139534883721,0.8227848101265823,0.7878787878787878,79
V2,high,0.5,0.5555555555555556,0.5263157894736842,9
V3,low,0.8571428571428571,0.5769230769230769,0.6896551724137931,52
V3,medium,0.7368421052631579,0.8860759493670886,0.8045977011494253,79
V3,high,0.6,0.6666666666666666,0.631578947368421,9
