t1,t2,accuracy,macro_f1,balanced_accuracy,ordinal_mae,high_recall,high_f1,distance_from_default
0.3,0.3,0.65625,0.5960699895126125,0.6130681290082722,0.3541666666666667,0.7142857142857143,0.6349206349206349,0.4
0.3,0.32,0.6510416666666666,0.5877271729806292,0.6011633671035103,0.359375,0.6785714285714286,0.6129032258064516,0.38
0.3,0.34,0.6614583333333334,0.5979523400576032,0.6074526752796109,0.3489583333333333,0.6785714285714286,0.6333333333333333,0.36
0.3,0.36,0.65625,0.5917432980166674,0.5955479133748489,0.3489583333333333,0.6428571428571429,0.6206896551724138,0.34
0.3,0.38,0.65625,0.5917432980166674,0.5955479133748489,0.3489583333333333,0.6428571428571429,0.6206896551724138,0.32
0.3,0.4,0.65625,0.5917432980166674,0.5955479133748489,0.3489583333333333,0.6428571428571429,0.6206896551724138,0.3
0.3,0.42,0.6614583333333334,0.5970544543176122,0.5986925674628992,0.34375,0.6428571428571429,0.631578947368421,0.28
0.3,0.44,0.6666666666666666,0.6024818475017678,0.6018372215509497,0.3385416666666667,0.6428571428571429,0.6428571428571429,0.26
0.3,0.46,0.6666666666666666,0.5987340625021784,0.593077113734238,0.3385416666666667,0.6071428571428571,0.6296296296296297,0.24
0.3,0.48,0.6614583333333334,0.589129832184356,0.5811723518294761,0.34375,0.5714285714285714,0.6037735849056604,0.22000000000000003
0.3,0.5,0.6614583333333334,0.5826508326508327,0.5636521361960529,0.3385416666666667,0.5,0.5833333333333334,0.2
0.3,0.52,0.65625,0.5716432503666548,0.5517473742912911,0.34375,0.4642857142857143,0.5531914893617021,0.22000000000000003
0.3,0.54,0.6510416666666666,0.5536105212911296,0.5310825045698175,0.3489583333333333,0.39285714285714285,0.5,0.24000000000000005
0.3,0.56,0.65625,0.5590707741870533,0.5342271586578679,0.34375,0.39285714285714285,0.5116279069767442,0.26000000000000006
0.3,0.58,0.6510416666666666,0.5382160286654669,0.5135622889363943,0.3489583333333333,0.32142857142857145,0.45,0.27999999999999997
0.3,0.6,0.6458333333333334,0.5240364941857479,0.5016575270316324,0.3541666666666667,0.2857142857142857,0.41025641025641024,0.3
0.3,0.62,0.6458333333333334,0.5240364941857479,0.5016575270316324,0.3541666666666667,0.2857142857142857,0.41025641025641024,0.32
0.3,0.64,0.6302083333333334,0.4771231911453313,0.4659432413173467,0.3697916666666667,0.17857142857142858,0.2777777777777778,0.34
0.3,0.66,0.6354166666666666,0.46751140181797113,0.4603277875886855,0.3645833333333333,0.14285714285714285,0.24242424242424243,0.36000000000000004
0.3,0.68,0.640625,0.47155844155844157,0.46347244167673574,0.359375,0.14285714285714285,0.25,0.38000000000000006
0.3,0.7,0.640625,0.47155844155844157,0.46347244167673574,0.359375,0.14285714285714285,0.25,0.39999999999999997
0.32,0.3,0.65625,0.6002791906129076,0.6156706013570035,0.3541666666666667,0.7142857142857143,0.6349206349206349,0.38
0.32,0.32,0.6510416666666666,0.5919310869025795,0.6037658394522415,0.359375,0.6785714285714286,0.6129032258064516,0.36
0.32,0.34,0.6614583333333334,0.6021900743419731,0.6100551476283421,0.3489583333333333,0.6785714285714286,0.6333333333333333,0.33999999999999997
0.32,0.36,0.65625,0.5959705024236716,0.5981503857235803,0.3489583333333333,0.6428571428571429,0.6206896551724138,0.32
0.32,0.38,0.65625,0.5959705024236716,0.5981503857235803,0.3489583333333333,0.6428571428571429,0.6206896551724138,0.3
0.32,0.4,0.65625,0.5959705024236716,0.5981503857235803,0.3489583333333333,0.6428571428571429,0.6206896551724138,0.27999999999999997
0.32,0.42,0.6614583333333334,0.6012980593582773,0.6012950398116307,0.34375,0.6428571428571429,0.631578947368421,0.26
0.32,0.44,0.6666666666666666,0.6067416138332716,0.6044396938996809,0.3385416666666667,0.6428571428571429,0.6428571428571429,0.24
0.32,0.46,0.6666666666666666,0.6030044535096059,0.5956795860829693,0.3385416666666667,0.6071428571428571,0.6296296296296297,0.21999999999999997
0.32,0.48,0.6614583333333334,0.5933950259242832,0.5837748241782074,0.34375,0.5714285714285714,0.6037735849056604,0.2
0.32,0.5,0.6614583333333334,0.5869315974103445,0.5662546085447843,0.3385416666666667,0.5,0.5833333333333334,0.18
0.32,0.52,0.65625,0.5759190942362578,0.5543498466400223,0.34375,0.4642857142857143,0.5531914893617021,0.2
0.32,0.54,0.6510416666666666,0.5578915886641771,0.5336849769185488,0.3489583333333333,0.39285714285714285,0.5,0.22000000000000003
0.32,0.56,0.65625,0.5633664189552074,0.5368296310065991,0.34375,0.39285714285714285,0.5116279069767442,0.24000000000000005
0.32,0.58,0.6510416666666666,0.5425165193853992,0.5161647612851256,0.3489583333333333,0.32142857142857145,0.45,0.25999999999999995
0.32,0.6,0.6458333333333334,0.5283323531158307,0.5042599993803637,0.3541666666666667,0.2857142857142857,0.41025641025641024,0.27999999999999997
0.32,0.62,0.6458333333333334,0.5283323531158307,0.5042599993803637,0.3541666666666667,0.2857142857142857,0.41025641025641024,0.3
0.32,0.64,0.6302083333333334,0.481405668055708,0.468545713666078,0.3697916666666667,0.17857142857142858,0.2777777777777778,0.32
0.32,0.66,0.6354166666666666,0.47181701602773835,0.4629302599374167,0.3645833333333333,0.14285714285714285,0.24242424242424243,0.34
0.32,0.68,0.640625,0.4758774980293968,0.466074914025467,0.359375,0.14285714285714285,0.25,0.36000000000000004
0.32,0.7,0.640625,0.4758774980293968,0.466074914025467,0.359375,0.14285714285714285,0.25,0.37999999999999995
0.34,0.3,0.6614583333333334,0.6078366155129641,0.621417727793785,0.3489583333333333,0.7142857142857143,0.6349206349206349,0.36
0.34,0.32,0.65625,0.5994801386296987,0.6095129658890232,0.3541666666666667,0.6785714285714286,0.6129032258064516,0.33999999999999997
0.34,0.34,0.6666666666666666,0.6097449908925319,0.6158022740651238,0.34375,0.6785714285714286,0.6333333333333333,0.31999999999999995
0.34,0.36,0.6614583333333334,0.6035090178487992,0.6038975121603619,0.34375,0.6428571428571429,0.6206896551724138,0.3
0.34,0.38,0.6614583333333334,0.6035090178487992,0.6038975121603619,0.34375,0.6428571428571429,0.6206896551724138,0.27999999999999997
0.34,0.4,0.6614583333333334,0.6035090178487992,0.6038975121603619,0.34375,0.6428571428571429,0.6206896551724138,0.25999999999999995
0.34,0.42,0.6666666666666666,0.6088394062078273,0.6070421662484122,0.3385416666666667,0.6428571428571429,0.631578947368421,0.24
0.34,0.44,0.671875,0.6142857142857143,0.6101868203364625,0.3333333333333333,0.6428571428571429,0.6428571428571429,0.21999999999999997
0.34,0.46,0.671875,0.6105432098765432,0.6014267125197509,0.3333333333333333,0.6071428571428571,0.6296296296296297,0.19999999999999996
0.34,0.48,0.6666666666666666,0.6009258563231351,0.589521950614989,0.3385416666666667,0.5714285714285714,0.6037735849056604,0.18
0.34,0.5,0.6666666666666666,0.5944444444444444,0.5720017349815658,0.3333333333333333,0.5,0.5833333333333334,0.15999999999999998
0.34,0.52,0.6614583333333334,0.5834244004746529,0.5600969730768038,0.3385416666666667,0.4642857142857143,0.5531914893617021,0.18
0.34,0.54,0.65625,0.5653846153846154,0.5394321033553304,0.34375,0.39285714285714285,0.5,0.2
0.34,0.56,0.6614583333333334,0.5708619204609582,0.5425767574433807,0.3385416666666667,0.39285714285714285,0.5116279069767442,0.22000000000000003
0.34,0.58,0.65625,0.5499999999999999,0.5219118877219072,0.34375,0.32142857142857145,0.45,0.23999999999999994
0.34,0.6,0.6510416666666666,0.5358087405257216,0.5100071258171454,0.3489583333333333,0.2857142857142857,0.41025641025641024,0.25999999999999995
0.34,0.62,0.6510416666666666,0.5358087405257216,0.5100071258171454,0.3489583333333333,0.2857142857142857,0.41025641025641024,0.27999999999999997
0.34,0.64,0.6354166666666666,0.4888612493090105,0.47429284010285966,0.3645833333333333,0.17857142857142858,0.2777777777777778,0.3
0.34,0.66,0.640625,0.47927056543292706,0.46867738637419837,0.359375,0.14285714285714285,0.24242424242424243,0.32
0.34,0.68,0.6458333333333334,0.48333333333333334,0.4718220404622486,0.3541666666666667,0.14285714285714285,0.25,0.34
0.34,0.7,0.6458333333333334,0.48333333333333334,0.4718220404622486,0.3541666666666667,0.14285714285714285,0.25,0.35999999999999993
0.36,0.3,0.671875,0.6215825018092913,0.6329119806673483,0.34375,0.7142857142857143,0.6349206349206349,0.34
0.36,0.32,0.6666666666666666,0.6132002703756041,0.6210072187625865,0.3489583333333333,0.6785714285714286,0.6129032258064516,0.32
0.36,0.34,0.6770833333333334,0.6234825887228027,0.627296526938687,0.3385416666666667,0.6785714285714286,0.6333333333333333,0.3
0.36,0.36,0.671875,0.6171961864771417,0.615391765033925,0.3385416666666667,0.6428571428571429,0.6206896551724138,0.28
0.36,0.38,0.671875,0.6171961864771417,0.615391765033925,0.3385416666666667,0.6428571428571429,0.6206896551724138,0.26
0.36,0.4,0.671875,0.6171961864771417,0.615391765033925,0.3385416666666667,0.6428571428571429,0.6206896551724138,0.24
0.36,0.42,0.6770833333333334,0.6225350062891774,0.6185364191219754,0.3333333333333333,0.6428571428571429,0.631578947368421,0.22000000000000003
0.36,0.44,0.6822916666666666,0.6279895090566346,0.6216810732100257,0.328125,0.6428571428571429,0.6428571428571429,0.2
0.36,0.46,0.6822916666666666,0.6242303145706232,0.6129209653933141,0.328125,0.6071428571428571,0.6296296296296297,0.18
0.36,0.48,0.6770833333333334,0.6145886039593553,0.6010162034885522,0.3333333333333333,0.5714285714285714,0.6037735849056604,0.16000000000000003
0.36,0.5,0.6770833333333334,0.6080514416030393,0.583495987855129,0.328125,0.5,0.5833333333333334,0.14
0.36,0.52,0.671875,0.5970082373386997,0.5715912259503672,0.3333333333333333,0.4642857142857143,0.5531914893617021,0.16000000000000003
0.36,0.54,0.6666666666666666,0.5789305080243151,0.5509263562288936,0.3385416666666667,0.39285714285714285,0.5,0.18000000000000005
0.36,0.56,0.671875,0.584415180100246,0.554071010316944,0.3333333333333333,0.39285714285714285,0.5116279069767442,0.20000000000000007
0.36,0.58,0.6666666666666666,0.5635161334995152,0.5334061405954704,0.3385416666666667,0.32142857142857145,0.45,0.21999999999999997
0.36,0.6,0.6614583333333334,0.5493031039798262,0.5215013786907085,0.34375,0.2857142857142857,0.41025641025641024,0.24
0.36,0.62,0.6614583333333334,0.5493031039798262,0.5215013786907085,0.34375,0.2857142857142857,0.41025641025641024,0.26
0.36,0.64,0.6458333333333334,0.502291766647302,0.4857870929764228,0.359375,0.17857142857142858,0.2777777777777778,0.28
0.36,0.66,0.6510416666666666,0.4926944321837326,0.4801716392477616,0.3541666666666667,0.14285714285714285,0.24242424242424243,0.30000000000000004
0.36,0.68,0.65625,0.4967640077036772,0.4833162933358119,0.3489583333333333,0.14285714285714285,0.25,0.32000000000000006
0.36,0.7,0.65625,0.4967640077036772,0.4833162933358119,0.3489583333333333,0.14285714285714285,0.25,0.33999999999999997
0.38,0.3,0.6614583333333334,0.6175739968843418,0.6292251448399789,0.3541666666666667,0.7142857142857143,0.6349206349206349,0.32
0.38,0.32,0.65625,0.6091922467043761,0.6173203829352171,0.359375,0.6785714285714286,0.6129032258064516,0.3
0.38,0.34,0.6666666666666666,0.619569329259421,0.6236096911113177,0.3489583333333333,0.6785714285714286,0.6333333333333333,0.27999999999999997
0.38,0.36,0.6614583333333334,0.6132833165007455,0.6117049292065557,0.3489583333333333,0.6428571428571429,0.6206896551724138,0.26
0.38,0.38,0.6614583333333334,0.6132833165007455,0.6117049292065557,0.3489583333333333,0.6428571428571429,0.6206896551724138,0.24
0.38,0.4,0.6614583333333334,0.6132833165007455,0.6117049292065557,0.3489583333333333,0.6428571428571429,0.6206896551724138,0.21999999999999997
0.38,0.42,0.6666666666666666,0.618668078241581,0.614849583294606,0.34375,0.6428571428571429,0.631578947368421,0.2
0.38,0.44,0.671875,0.6241679101172591,0.6179942373826565,0.3385416666666667,0.6428571428571429,0.6428571428571429,0.18
0.38,0.46,0.671875,0.620453147911641,0.6092341295659448,0.3385416666666667,0.6071428571428571,0.6296296296296297,0.15999999999999998
0.38,0.48,0.6666666666666666,0.610811281646526,0.5973293676611829,0.34375,0.5714285714285714,0.6037735849056604,0.14
0.38,0.5,0.6666666666666666,0.6043599686100726,0.5798091520277597,0.3385416666666667,0.5,0.5833333333333334,0.12
0.38,0.52,0.6614583333333334,0.5933167033504524,0.5679043901229979,0.34375,0.4642857142857143,0.5531914893617021,0.14
0.38,0.54,0.65625,0.5752805415474082,0.5472395204015242,0.3489583333333333,0.39285714285714285,0.5,0.16000000000000003
0.38,0.56,0.6614583333333334,0.5808060079097972,0.5503841744895747,0.34375,0.39285714285714285,0.5116279069767442,0.18000000000000005
0.38,0.58,0.65625,0.5599467775839707,0.5297193047681011,0.3489583333333333,0.32142857142857145,0.45,0.19999999999999996
0.38,0.6,0.6510416666666666,0.5457336924858978,0.5178145428633392,0.3541666666666667,0.2857142857142857,0.41025641025641024,0.21999999999999997
0.38,0.62,0.6510416666666666,0.5457336924858978,0.5178145428633392,0.3541666666666667,0.2857142857142857,0.41025641025641024,0.24
0.38,0.64,0.6354166666666666,0.4987228607918263,0.4821002571490535,0.3697916666666667,0.17857142857142858,0.2777777777777778,0.26
0.38,0.66,0.640625,0.48920236851271337,0.4764848034203922,0.3645833333333333,0.14285714285714285,0.24242424242424243,0.28
0.38,0.68,0.6458333333333334,0.49330947733680325,0.47962945750844255,0.359375,0.14285714285714285,0.25,0.30000000000000004
0.38,0.7,0.6458333333333334,0.49330947733680325,0.47962945750844255,0.359375,0.14285714285714285,0.25,0.31999999999999995
0.4,0.3,0.6614583333333334,0.6206870926940667,0.6318276171887103,0.3541666666666667,0.7142857142857143,0.6349206349206349,0.3
0.4,0.32,0.65625,0.6122996607279804,0.6199228552839483,0.359375,0.6785714285714286,0.6129032258064516,0.27999999999999997
0.4,0.34,0.6666666666666666,0.6227136292400456,0.6262121634600489,0.3489583333333333,0.6785714285714286,0.6333333333333333,0.25999999999999995
0.4,0.36,0.6614583333333334,0.6164162976113992,0.6143074015552871,0.3489583333333333,0.6428571428571429,0.6206896551724138,0.24
0.4,0.38,0.6614583333333334,0.6164162976113992,0.6143074015552871,0.3489583333333333,0.6428571428571429,0.6206896551724138,0.21999999999999997
0.4,0.4,0.6614583333333334,0.6164162976113992,0.6143074015552871,0.3489583333333333,0.6428571428571429,0.6206896551724138,0.19999999999999996
0.4,0.42,0.6666666666666666,0.6218189227198863,0.6174520556433373,0.34375,0.6428571428571429,0.631578947368421,0.18
0.4,0.44,0.671875,0.6273363466020134,0.6205967097313877,0.3385416666666667,0.6428571428571429,0.6428571428571429,0.15999999999999998
0.4,0.46,0.671875,0.623633206302173,0.6118366019146761,0.3385416666666667,0.6071428571428571,0.6296296296296297,0.13999999999999996
0.4,0.48,0.6666666666666666,0.6139857534233775,0.5999318400099142,0.34375,0.5714285714285714,0.6037735849056604,0.12
0.4,0.5,0.6666666666666666,0.6075515423534347,0.582411624376491,0.3385416666666667,0.5,0.5833333333333334,0.09999999999999998
0.4,0.52,0.6614583333333334,0.5965029985681934,0.5705068624717291,0.34375,0.4642857142857143,0.5531914893617021,0.12
0.4,0.54,0.65625,0.5784726263485385,0.5498419927502556,0.3489583333333333,0.39285714285714285,0.5,0.14
0.4,0.56,0.6614583333333334,0.5840138918268001,0.5529866468383059,0.34375,0.39285714285714285,0.5116279069767442,0.16000000000000003
0.4,0.58,0.65625,0.5631600205625321,0.5323217771168324,0.3489583333333333,0.32142857142857145,0.45,0.17999999999999994
0.4,0.6,0.6510416666666666,0.5489419775761067,0.5204170152120705,0.3541666666666667,0.2857142857142857,0.41025641025641024,0.19999999999999996
0.4,0.62,0.6510416666666666,0.5489419775761067,0.5204170152120705,0.3541666666666667,0.2857142857142857,0.41025641025641024,0.21999999999999997
0.4,0.64,0.6354166666666666,0.5019168446134739,0.4847027294977848,0.3697916666666667,0.17857142857142858,0.2777777777777778,0.24
0.4,0.66,0.640625,0.4924214267211094,0.4790872757691235,0.3645833333333333,0.14285714285714285,0.24242424242424243,0.26
0.4,0.68,0.6458333333333334,0.4965430569202945,0.48223192985717384,0.359375,0.14285714285714285,0.25,0.28
0.4,0.7,0.6458333333333334,0.4965430569202945,0.48223192985717384,0.359375,0.14285714285714285,0.25,0.29999999999999993
0.42,0.3,0.6614583333333334,0.6206870926940667,0.6318276171887103,0.3541666666666667,0.7142857142857143,0.6349206349206349,0.28
0.42,0.32,0.65625,0.6122996607279804,0.6199228552839483,0.359375,0.6785714285714286,0.6129032258064516,0.26
0.42,0.34,0.6666666666666666,0.6227136292400456,0.6262121634600489,0.3489583333333333,0.6785714285714286,0.6333333333333333,0.24
0.42,0.36,0.6614583333333334,0.6164162976113992,0.6143074015552871,0.3489583333333333,0.6428571428571429,0.6206896551724138,0.22000000000000003
0.42,0.38,0.6614583333333334,0.6164162976113992,0.6143074015552871,0.3489583333333333,0.6428571428571429,0.6206896551724138,0.2
0.42,0.4,0.6614583333333334,0.6164162976113992,0.6143074015552871,0.3489583333333333,0.6428571428571429,0.6206896551724138,0.18
0.42,0.42,0.6666666666666666,0.6218189227198863,0.6174520556433373,0.34375,0.6428571428571429,0.631578947368421,0.16000000000000003
0.42,0.44,0.671875,0.6273363466020134,0.6205967097313877,0.3385416666666667,0.6428571428571429,0.6428571428571429,0.14
0.42,0.46,0.671875,0.623633206302173,0.6118366019146761,0.3385416666666667,0.6071428571428571,0.6296296296296297,0.12
0.42,0.48,0.6666666666666666,0.6139857534233775,0.5999318400099142,0.34375,0.5714285714285714,0.6037735849056604,0.10000000000000003
0.42,0.5,0.6666666666666666,0.6075515423534347,0.582411624376491,0.3385416666666667,0.5,0.5833333333333334,0.08000000000000002
0.42,0.52,0.6614583333333334,0.5965029985681934,0.5705068624717291,0.34375,0.4642857142857143,0.5531914893617021,0.10000000000000003
0.42,0.54,0.65625,0.5784726263485385,0.5498419927502556,0.3489583333333333,0.39285714285714285,0.5,0.12000000000000005
0.42,0.56,0.6614583333333334,0.5840138918268001,0.5529866468383059,0.34375,0.39285714285714285,0.5116279069767442,0.14000000000000007
0.42,0.58,0.65625,0.5631600205625321,0.5323217771168324,0.3489583333333333,0.32142857142857145,0.45,0.15999999999999998
0.42,0.6,0.6510416666666666,0.5489419775761067,0.5204170152120705,0.3541666666666667,0.2857142857142857,0.41025641025641024,0.18
0.42,0.62,0.6510416666666666,0.5489419775761067,0.5204170152120705,0.3541666666666667,0.2857142857142857,0.41025641025641024,0.2
0.42,0.64,0.6354166666666666,0.5019168446134739,0.4847027294977848,0.3697916666666667,0.17857142857142858,0.2777777777777778,0.22000000000000003
0.42,0.66,0.640625,0.4924214267211094,0.4790872757691235,0.3645833333333333,0.14285714285714285,0.24242424242424243,0.24000000000000005
0.42,0.68,0.6458333333333334,0.4965430569202945,0.48223192985717384,0.359375,0.14285714285714285,0.25,0.26000000000000006
0.42,0.7,0.6458333333333334,0.4965430569202945,0.48223192985717384,0.359375,0.14285714285714285,0.25,0.27999999999999997
0.44,0.3,0.671875,0.6361881845752814,0.6433218700622735,0.3385416666666667,0.7142857142857143,0.6451612903225806,0.26
0.44,0.32,0.6666666666666666,0.6277273226114379,0.6314171081575116,0.34375,0.6785714285714286,0.6229508196721312,0.24
0.44,0.34,0.6770833333333334,0.6383766892241468,0.6377064163336122,0.3333333333333333,0.6785714285714286,0.6440677966101694,0.21999999999999997
0.44,0.36,0.671875,0.6295292381866116,0.6258016544288503,0.3385416666666667,0.6428571428571429,0.6206896551724138,0.2
0.44,0.38,0.671875,0.6295292381866116,0.6258016544288503,0.3385416666666667,0.6428571428571429,0.6206896551724138,0.18
0.44,0.4,0.671875,0.6295292381866116,0.6258016544288503,0.3385416666666667,0.6428571428571429,0.6206896551724138,0.15999999999999998
0.44,0.42,0.6770833333333334,0.6349380622351185,0.6289463085169006,0.3333333333333333,0.6428571428571429,0.631578947368421,0.14
0.44,0.44,0.6822916666666666,0.6404615075501151,0.632090962604951,0.328125,0.6428571428571429,0.6428571428571429,0.12
0.44,0.46,0.6822916666666666,0.6367467441386548,0.6233308547882394,0.328125,0.6071428571428571,0.6296296296296297,0.09999999999999998
0.44,0.48,0.6770833333333334,0.6270820374593958,0.6114260928834774,0.3333333333333333,0.5714285714285714,0.6037735849056604,0.08000000000000002
0.44,0.5,0.6770833333333334,0.6206087563230421,0.5939058772500542,0.328125,0.5,0.5833333333333334,0.06
0.44,0.52,0.671875,0.6095438321696754,0.5820011153452923,0.3333333333333333,0.4642857142857143,0.5531914893617021,0.08000000000000002
0.44,0.54,0.6666666666666666,0.5914868264265855,0.5613362456238188,0.3385416666666667,0.39285714285714285,0.5,0.10000000000000003
0.44,0.56,0.671875,0.5970334781497573,0.5644808997118691,0.3333333333333333,0.39285714285714285,0.5116279069767442,0.12000000000000005
0.44,0.58,0.6666666666666666,0.5761535565883392,0.5438160299903957,0.3385416666666667,0.32142857142857145,0.45,0.13999999999999996
0.44,0.6,0.6614583333333334,0.5619201445973099,0.5319112680856337,0.34375,0.2857142857142857,0.41025641025641024,0.15999999999999998
0.44,0.62,0.6614583333333334,0.5619201445973099,0.5319112680856337,0.34375,0.2857142857142857,0.41025641025641024,0.18
0.44,0.64,0.6458333333333334,0.5148499720484155,0.49619698237134807,0.359375,0.17857142857142858,0.2777777777777778,0.2
0.44,0.66,0.6510416666666666,0.5053502053502054,0.4905815286426867,0.3541666666666667,0.14285714285714285,0.24242424242424243,0.22000000000000003
0.44,0.68,0.65625,0.5094767939595526,0.49372618273073704,0.3489583333333333,0.14285714285714285,0.25,0.24000000000000005
0.44,0.7,0.65625,0.5094767939595526,0.49372618273073704,0.3489583333333333,0.14285714285714285,0.25,0.25999999999999995
0.46,0.3,0.671875,0.64126908147162,0.6485268147597361,0.3385416666666667,0.7142857142857143,0.6451612903225806,0.24
0.46,0.32,0.6666666666666666,0.6327964720544531,0.6366220528549741,0.34375,0.6785714285714286,0.6229508196721312,0.21999999999999997
0.46,0.34,0.6770833333333334,0.6435222174818033,0.6429113610310748,0.3333333333333333,0.6785714285714286,0.6440677966101694,0.19999999999999996
0.46,0.36,0.671875,0.6346629373852605,0.6310065991263129,0.3385416666666667,0.6428571428571429,0.6206896551724138,0.18
0.46,0.38,0.671875,0.6346629373852605,0.6310065991263129,0.3385416666666667,0.6428571428571429,0.6206896551724138,0.15999999999999998
0.46,0.4,0.671875,0.6346629373852605,0.6310065991263129,0.3385416666666667,0.6428571428571429,0.6206896551724138,0.13999999999999996
0.46,0.42,0.6770833333333334,0.6401088929219602,0.6341512532143633,0.3333333333333333,0.6428571428571429,0.631578947368421,0.12
0.46,0.44,0.6822916666666666,0.6456688932632009,0.6372959073024135,0.328125,0.6428571428571429,0.6428571428571429,0.09999999999999998
0.46,0.46,0.6822916666666666,0.6419780736316758,0.6285357994857019,0.328125,0.6071428571428571,0.6296296296296297,0.07999999999999996
0.46,0.48,0.6770833333333334,0.6323015726075663,0.61663103758094,0.3333333333333333,0.5714285714285714,0.6037735849056604,0.06
0.46,0.5,0.6770833333333334,0.6258632403969814,0.5991108219475169,0.328125,0.5,0.5833333333333334,0.03999999999999998
0.46,0.52,0.671875,0.6147871877689653,0.5872060600427549,0.3333333333333333,0.4642857142857143,0.5531914893617021,0.06
0.46,0.54,0.6666666666666666,0.5967418546365915,0.5665411903212814,0.3385416666666667,0.39285714285714285,0.5,0.08000000000000002
0.46,0.56,0.671875,0.6023212692347242,0.5696858444093317,0.3333333333333333,0.39285714285714285,0.5116279069767442,0.10000000000000003
0.46,0.58,0.6666666666666666,0.5814521242866201,0.5490209746878583,0.3385416666666667,0.32142857142857145,0.45,0.11999999999999994
0.46,0.6,0.6614583333333334,0.5672082771030139,0.5371162127830963,0.34375,0.2857142857142857,0.41025641025641024,0.13999999999999996
0.46,0.62,0.6614583333333334,0.5672082771030139,0.5371162127830963,0.34375,0.2857142857142857,0.41025641025641024,0.15999999999999998
0.46,0.64,0.6458333333333334,0.5201080214810192,0.5014019270688107,0.359375,0.17857142857142858,0.2777777777777778,0.18
0.46,0.66,0.6510416666666666,0.5106600544922913,0.4957864733401493,0.3541666666666667,0.14285714285714285,0.24242424242424243,0.2
0.46,0.68,0.65625,0.5148167110382961,0.4989311274281996,0.3489583333333333,0.14285714285714285,0.25,0.22000000000000003
0.46,0.7,0.65625,0.5148167110382961,0.4989311274281996,0.3489583333333333,0.14285714285714285,0.25,0.23999999999999994
0.48,0.3,0.671875,0.64126908147162,0.6485268147597361,0.3385416666666667,0.7142857142857143,0.6451612903225806,0.22000000000000003
0.48,0.32,0.6666666666666666,0.6327964720544531,0.6366220528549741,0.34375,0.6785714285714286,0.6229508196721312,0.2
0.48,0.34,0.6770833333333334,0.6435222174818033,0.6429113610310748,0.3333333333333333,0.6785714285714286,0.6440677966101694,0.18
0.48,0.36,0.671875,0.6346629373852605,0.6310065991263129,0.3385416666666667,0.6428571428571429,0.6206896551724138,0.16000000000000003
0.48,0.38,0.671875,0.6346629373852605,0.6310065991263129,0.3385416666666667,0.6428571428571429,0.6206896551724138,0.14
0.48,0.4,0.671875,0.6346629373852605,0.6310065991263129,0.3385416666666667,0.6428571428571429,0.6206896551724138,0.12
0.48,0.42,0.6770833333333334,0.6401088929219602,0.6341512532143633,0.3333333333333333,0.6428571428571429,0.631578947368421,0.10000000000000003
0.48,0.44,0.6822916666666666,0.6456688932632009,0.6372959073024135,0.328125,0.6428571428571429,0.6428571428571429,0.08000000000000002
0.48,0.46,0.6822916666666666,0.6419780736316758,0.6285357994857019,0.328125,0.6071428571428571,0.6296296296296297,0.06
0.48,0.48,0.6770833333333334,0.6323015726075663,0.61663103758094,0.3333333333333333,0.5714285714285714,0.6037735849056604,0.040000000000000036
0.48,0.5,0.6770833333333334,0.6258632403969814,0.5991108219475169,0.328125,0.5,0.5833333333333334,0.020000000000000018
0.48,0.52,0.671875,0.6147871877689653,0.5872060600427549,0.3333333333333333,0.4642857142857143,0.5531914893617021,0.040000000000000036
0.48,0.54,0.6666666666666666,0.5967418546365915,0.5665411903212814,0.3385416666666667,0.39285714285714285,0.5,0.06000000000000005
0.48,0.56,0.671875,0.6023212692347242,0.5696858444093317,0.3333333333333333,0.39285714285714285,0.5116279069767442,0.08000000000000007
0.48,0.58,0.6666666666666666,0.5814521242866201,0.5490209746878583,0.3385416666666667,0.32142857142857145,0.45,0.09999999999999998
0.48,0.6,0.6614583333333334,0.5672082771030139,0.5371162127830963,0.34375,0.2857142857142857,0.41025641025641024,0.12
0.48,0.62,0.6614583333333334,0.5672082771030139,0.5371162127830963,0.34375,0.2857142857142857,0.41025641025641024,0.14
0.48,0.64,0.6458333333333334,0.5201080214810192,0.5014019270688107,0.359375,0.17857142857142858,0.2777777777777778,0.16000000000000003
0.48,0.66,0.6510416666666666,0.5106600544922913,0.4957864733401493,0.3541666666666667,0.14285714285714285,0.24242424242424243,0.18000000000000005
0.48,0.68,0.65625,0.5148167110382961,0.4989311274281996,0.3489583333333333,0.14285714285714285,0.25,0.20000000000000007
0.48,0.7,0.65625,0.5148167110382961,0.4989311274281996,0.3489583333333333,0.14285714285714285,0.25,0.21999999999999997
0.5,0.3,0.703125,0.6806563164672349,0.6856120457291571,0.3020833333333333,0.7142857142857143,0.6557377049180327,0.2
0.5,0.32,0.6979166666666666,0.6720638267754202,0.673707283824395,0.3072916666666667,0.6785714285714286,0.6333333333333333,0.18
0.5,0.34,0.7083333333333334,0.6831041138405937,0.6799965920004958,0.296875,0.6785714285714286,0.6551724137931034,0.15999999999999998
0.5,0.36,0.703125,0.6741185487991824,0.6680918300957338,0.3020833333333333,0.6428571428571429,0.631578947368421,0.14
0.5,0.38,0.703125,0.6741185487991824,0.6680918300957338,0.3020833333333333,0.6428571428571429,0.631578947368421,0.12
0.5,0.4,0.703125,0.6741185487991824,0.6680918300957338,0.3020833333333333,0.6428571428571429,0.631578947368421,0.09999999999999998
0.5,0.42,0.7083333333333334,0.6797297991472749,0.6712364841837841,0.296875,0.6428571428571429,0.6428571428571429,0.08000000000000002
0.5,0.44,0.7135416666666666,0.6854613668257453,0.6743811382718344,0.2916666666666667,0.6428571428571429,0.6545454545454545,0.06
0.5,0.46,0.7135416666666666,0.6818146759094108,0.6656210304551228,0.2916666666666667,0.6071428571428571,0.6415094339622641,0.03999999999999998
0.5,0.48,0.7083333333333334,0.6719955473082195,0.6537162685503609,0.296875,0.5714285714285714,0.6153846153846154,0.020000000000000018
0.5,0.5,0.7083333333333334,0.6626861767388457,0.6361960529169378,0.296875,0.5,0.5833333333333334,0.0
0.5,0.52,0.703125,0.6515506496915298,0.624291291012176,0.3020833333333333,0.4642857142857143,0.5531914893617021,0.020000000000000018
0.5,0.54,0.6979166666666666,0.6334234566384008,0.6036264212907024,0.3072916666666667,0.39285714285714285,0.5,0.040000000000000036
0.5,0.56,0.703125,0.6390368294529373,0.6067710753787526,0.3020833333333333,0.39285714285714285,0.5116279069767442,0.06000000000000005
0.5,0.58,0.6979166666666666,0.6180873920691832,0.5861062056572791,0.3072916666666667,0.32142857142857145,0.45,0.07999999999999996
0.5,0.6,0.6927083333333334,0.6037878959326445,0.5742014437525172,0.3125,0.2857142857142857,0.41025641025641024,0.09999999999999998
0.5,0.62,0.6927083333333334,0.6037878959326445,0.5742014437525172,0.3125,0.2857142857142857,0.41025641025641024,0.12
0.5,0.64,0.6770833333333334,0.5565249616567232,0.5384871580382316,0.328125,0.17857142857142858,0.2777777777777778,0.14
0.5,0.66,0.6822916666666666,0.5470884858608003,0.5328717043095703,0.3229166666666667,0.14285714285714285,0.24242424242424243,0.16000000000000003
0.5,0.68,0.6875,0.5512763026214892,0.5360163583976206,0.3177083333333333,0.14285714285714285,0.25,0.18000000000000005
0.5,0.7,0.6875,0.5512763026214892,0.5360163583976206,0.3177083333333333,0.14285714285714285,0.25,0.19999999999999996
0.52,0.3,0.6875,0.6688299378101119,0.6761780834650061,0.3177083333333333,0.7142857142857143,0.6557377049180327,0.22000000000000003
0.52,0.32,0.6822916666666666,0.6602484949897102,0.6642733215602441,0.3229166666666667,0.6785714285714286,0.6333333333333333,0.2
0.52,0.34,0.6927083333333334,0.6713925198635673,0.6705626297363448,0.3125,0.6785714285714286,0.6551724137931034,0.18
0.52,0.36,0.6875,0.6624173770035093,0.6586578678315829,0.3177083333333333,0.6428571428571429,0.631578947368421,0.16000000000000003
0.52,0.38,0.6875,0.6624173770035093,0.6586578678315829,0.3177083333333333,0.6428571428571429,0.631578947368421,0.14
0.52,0.4,0.6875,0.6624173770035093,0.6586578678315829,0.3177083333333333,0.6428571428571429,0.631578947368421,0.12
0.52,0.42,0.6927083333333334,0.6680791303432813,0.6618025219196332,0.3125,0.6428571428571429,0.6428571428571429,0.10000000000000003
0.52,0.44,0.6979166666666666,0.6738605276044991,0.6649471760076836,0.3072916666666667,0.6428571428571429,0.6545454545454545,0.08000000000000002
0.52,0.46,0.6979166666666666,0.670272536687631,0.656187068190972,0.3072916666666667,0.6071428571428571,0.6415094339622641,0.06
0.52,0.48,0.6927083333333334,0.6604629855589949,0.64428230628621,0.3125,0.5714285714285714,0.6153846153846154,0.040000000000000036
0.52,0.5,0.6927083333333334,0.6512669765746057,0.6267620906527869,0.3125,0.5,0.5833333333333334,0.020000000000000018
0.52,0.52,0.6875,0.6401405811281363,0.614857328748025,0.3177083333333333,0.4642857142857143,0.5531914893617021,0.040000000000000036
0.52,0.54,0.6822916666666666,0.6220770843412353,0.5941924590265514,0.3229166666666667,0.39285714285714285,0.5,0.06000000000000005
0.52,0.56,0.6875,0.6277351955411574,0.5973371131146017,0.3177083333333333,0.39285714285714285,0.5116279069767442,0.08000000000000007
0.52,0.58,0.6822916666666666,0.6068468896992759,0.5766722433931283,0.3229166666666667,0.32142857142857145,0.45,0.09999999999999998
0.52,0.6,0.6770833333333334,0.59255593138912,0.5647674814883663,0.328125,0.2857142857142857,0.41025641025641024,0.12
0.52,0.62,0.6770833333333334,0.59255593138912,0.5647674814883663,0.328125,0.2857142857142857,0.41025641025641024,0.14
0.52,0.64,0.6614583333333334,0.5453188257647948,0.5290531957740806,0.34375,0.17857142857142858,0.2777777777777778,0.16000000000000003
0.52,0.66,0.6666666666666666,0.5359742982384492,0.5234377420454194,0.3385416666666667,0.14285714285714285,0.24242424242424243,0.18000000000000005
0.52,0.68,0.671875,0.5402029963695864,0.5265823961334696,0.3333333333333333,0.14285714285714285,0.25,0.20000000000000007
0.52,0.7,0.671875,0.5402029963695864,0.5265823961334696,0.3333333333333333,0.14285714285714285,0.25,0.21999999999999997
0.54,0.3,0.6875,0.6703162432988332,0.6787805558137373,0.3177083333333333,0.7142857142857143,0.6557377049180327,0.24000000000000005
0.54,0.32,0.6822916666666666,0.6617283950617284,0.6668757939089754,0.3229166666666667,0.6785714285714286,0.6333333333333333,0.22000000000000003
0.54,0.34,0.6927083333333334,0.6729156658503911,0.6731651020850761,0.3125,0.6785714285714286,0.6551724137931034,0.2
0.54,0.36,0.6875,0.6639340614346623,0.6612603401803141,0.3177083333333333,0.6428571428571429,0.631578947368421,0.18000000000000005
0.54,0.38,0.6875,0.6639340614346623,0.6612603401803141,0.3177083333333333,0.6428571428571429,0.631578947368421,0.16000000000000003
0.54,0.4,0.6875,0.6639340614346623,0.6612603401803141,0.3177083333333333,0.6428571428571429,0.631578947368421,0.14
0.54,0.42,0.6927083333333334,0.6696168029501363,0.6644049942683644,0.3125,0.6428571428571429,0.6428571428571429,0.12000000000000005
0.54,0.44,0.6979166666666666,0.675418844046295,0.6675496483564148,0.3072916666666667,0.6428571428571429,0.6545454545454545,0.10000000000000003
0.54,0.46,0.6979166666666666,0.6718445608086582,0.6587895405397032,0.3072916666666667,0.6071428571428571,0.6415094339622641,0.08000000000000002
0.54,0.48,0.6927083333333334,0.6620285578618912,0.6468847786349413,0.3125,0.5714285714285714,0.6153846153846154,0.06000000000000005
0.54,0.5,0.6927083333333334,0.6528589993502275,0.6293645630015181,0.3125,0.5,0.5833333333333334,0.040000000000000036
0.54,0.52,0.6875,0.6417263991979839,0.6174598010967562,0.3177083333333333,0.4642857142857143,0.5531914893617021,0.06000000000000005
0.54,0.54,0.6822916666666666,0.6236696466581524,0.5967949313752827,0.3229166666666667,0.39285714285714285,0.5,0.08000000000000007
0.54,0.56,0.6875,0.6293462174954008,0.599939585463333,0.3177083333333333,0.39285714285714285,0.5116279069767442,0.10000000000000009
0.54,0.58,0.6822916666666666,0.6084641138313455,0.5792747157418595,0.3229166666666667,0.32142857142857145,0.45,0.12
0.54,0.6,0.6770833333333334,0.594167357880438,0.5673699538370975,0.328125,0.2857142857142857,0.41025641025641024,0.14
0.54,0.62,0.6770833333333334,0.594167357880438,0.5673699538370975,0.328125,0.2857142857142857,0.41025641025641024,0.16000000000000003
0.54,0.64,0.6614583333333334,0.5469135802469136,0.5316556681228118,0.34375,0.17857142857142858,0.2777777777777778,0.18000000000000005
0.54,0.66,0.6666666666666666,0.5375982042648709,0.5260402143941506,0.3385416666666667,0.14285714285714285,0.24242424242424243,0.20000000000000007
0.54,0.68,0.671875,0.5418437563246307,0.5291848684822009,0.3333333333333333,0.14285714285714285,0.25,0.22000000000000008
0.54,0.7,0.671875,0.5418437563246307,0.5291848684822009,0.3333333333333333,0.14285714285714285,0.25,0.24
0.56,0.3,0.671875,0.6586324957806554,0.6693465935495864,0.3333333333333333,0.7142857142857143,0.6557377049180327,0.26000000000000006
0.56,0.32,0.6666666666666666,0.6500570993528739,0.6574418316448244,0.3385416666666667,0.6785714285714286,0.6333333333333333,0.24000000000000005
0.56,0.34,0.6770833333333334,0.6613546987243859,0.6637311398209251,0.328125,0.6785714285714286,0.6551724137931034,0.22000000000000003
0.56,0.36,0.671875,0.6523848409813321,0.6518263779161632,0.3333333333333333,0.6428571428571429,0.631578947368421,0.20000000000000007
0.56,0.38,0.671875,0.6523848409813321,0.6518263779161632,0.3333333333333333,0.6428571428571429,0.631578947368421,0.18000000000000005
0.56,0.4,0.671875,0.6523848409813321,0.6518263779161632,0.3333333333333333,0.6428571428571429,0.631578947368421,0.16000000000000003
0.56,0.42,0.6770833333333334,0.6581212548954484,0.6549710320042136,0.328125,0.6428571428571429,0.6428571428571429,0.14000000000000007
0.56,0.44,0.6822916666666666,0.6639762364533006,0.6581156860922638,0.3229166666666667,0.6428571428571429,0.6545454545454545,0.12000000000000005
0.56,0.46,0.6822916666666666,0.660464924615868,0.6493555782755522,0.3229166666666667,0.6071428571428571,0.6415094339622641,0.10000000000000003
0.56,0.48,0.6770833333333334,0.6506597094832389,0.6374508163707903,0.328125,0.5714285714285714,0.6153846153846154,0.08000000000000007
0.56,0.5,0.6770833333333334,0.6416116116116116,0.6199306007373672,0.328125,0.5,0.5833333333333334,0.06000000000000005
0.56,0.52,0.671875,0.6304892729294913,0.6080258388326053,0.3333333333333333,0.4642857142857143,0.5531914893617021,0.08000000000000007
0.56,0.54,0.6666666666666666,0.6125011474356453,0.5873609691111318,0.3385416666666667,0.39285714285714285,0.5,0.10000000000000009
0.56,0.56,0.671875,0.6182251007326841,0.590505623199182,0.3333333333333333,0.39285714285714285,0.5116279069767442,0.1200000000000001
0.56,0.58,0.6666666666666666,0.5974087821727306,0.5698407534777086,0.3385416666666667,0.32142857142857145,0.45,0.14
0.56,0.6,0.6614583333333334,0.5831215831215831,0.5579359915729466,0.34375,0.2857142857142857,0.41025641025641024,0.16000000000000003
0.56,0.62,0.6614583333333334,0.5831215831215831,0.5579359915729466,0.34375,0.2857142857142857,0.41025641025641024,0.18000000000000005
0.56,0.64,0.6458333333333334,0.5358966561498207,0.522221705858661,0.359375,0.17857142857142858,0.2777777777777778,0.20000000000000007
0.56,0.66,0.6510416666666666,0.5266789516789517,0.5166062521299997,0.3541666666666667,0.14285714285714285,0.24242424242424243,0.22000000000000008
0.56,0.68,0.65625,0.5309676896813826,0.51975090621805,0.3489583333333333,0.14285714285714285,0.25,0.2400000000000001
0.56,0.7,0.65625,0.5309676896813826,0.51975090621805,0.3489583333333333,0.14285714285714285,0.25,0.26
0.58,0.3,0.671875,0.6604522312069481,0.6693465935495864,0.3333333333333333,0.7142857142857143,0.6666666666666666,0.27999999999999997
0.58,0.32,0.6666666666666666,0.6518120019552343,0.6574418316448244,0.3385416666666667,0.6785714285714286,0.6440677966101694,0.25999999999999995
0.58,0.34,0.6770833333333334,0.6633628645256552,0.6637311398209251,0.328125,0.6785714285714286,0.6666666666666666,0.23999999999999994
0.58,0.36,0.671875,0.6543209876543209,0.6518263779161632,0.3333333333333333,0.6428571428571429,0.6428571428571429,0.21999999999999997
0.58,0.38,0.671875,0.6543209876543209,0.6518263779161632,0.3333333333333333,0.6428571428571429,0.6428571428571429,0.19999999999999996
0.58,0.4,0.671875,0.6543209876543209,0.6518263779161632,0.3333333333333333,0.6428571428571429,0.6428571428571429,0.17999999999999994
0.58,0.42,0.6770833333333334,0.6601941069683005,0.6549710320042136,0.328125,0.6428571428571429,0.6545454545454545,0.15999999999999998
0.58,0.44,0.6822916666666666,0.6661933886704529,0.6581156860922638,0.3229166666666667,0.6428571428571429,0.6666666666666666,0.13999999999999996
0.58,0.46,0.6822916666666666,0.6627539127539127,0.6493555782755522,0.3229166666666667,0.6071428571428571,0.6538461538461539,0.11999999999999994
0.58,0.48,0.6770833333333334,0.6528585793291676,0.6374508163707903,0.328125,0.5714285714285714,0.6274509803921569,0.09999999999999998
0.58,0.5,0.6770833333333334,0.6439254756276033,0.6199306007373672,0.328125,0.5,0.5957446808510638,0.07999999999999996
0.58,0.52,0.671875,0.6326746550871213,0.6080258388326053,0.3333333333333333,0.4642857142857143,0.5652173913043478,0.09999999999999998
0.58,0.54,0.6614583333333334,0.6088137009189641,0.5842163150230815,0.34375,0.39285714285714285,0.5,0.12
0.58,0.56,0.6666666666666666,0.6145538646046415,0.5873609691111318,0.3385416666666667,0.39285714285714285,0.5116279069767442,0.14
0.58,0.58,0.6614583333333334,0.59376026272578,0.5666960993896583,0.34375,0.32142857142857145,0.45,0.15999999999999992
0.58,0.6,0.65625,0.5794764367725741,0.5547913374848963,0.3489583333333333,0.2857142857142857,0.41025641025641024,0.17999999999999994
0.58,0.62,0.65625,0.5794764367725741,0.5547913374848963,0.3489583333333333,0.2857142857142857,0.41025641025641024,0.19999999999999996
0.58,0.64,0.640625,0.5322616805667653,0.5190770517706106,0.3645833333333333,0.17857142857142858,0.2777777777777778,0.21999999999999997
0.58,0.66,0.6458333333333334,0.5230774571778756,0.5134615980419494,0.359375,0.14285714285714285,0.24242424242424243,0.24
0.58,0.68,0.6510416666666666,0.5273809523809524,0.5166062521299997,0.3541666666666667,0.14285714285714285,0.25,0.26
0.58,0.7,0.6510416666666666,0.5273809523809524,0.5166062521299997,0.3541666666666667,0.14285714285714285,0.25,0.2799999999999999
0.6,0.3,0.671875,0.6618212197159566,0.6719490658983177,0.3333333333333333,0.7142857142857143,0.6666666666666666,0.3
0.6,0.32,0.6666666666666666,0.653174895092445,0.6600443039935558,0.3385416666666667,0.6785714285714286,0.6440677966101694,0.27999999999999997
0.6,0.34,0.6770833333333334,0.6647722592867145,0.6663336121696564,0.328125,0.6785714285714286,0.6666666666666666,0.25999999999999995
0.6,0.36,0.671875,0.6557242014694057,0.6544288502648944,0.3333333333333333,0.6428571428571429,0.6428571428571429,0.24
0.6,0.38,0.671875,0.6557242014694057,0.6544288502648944,0.3333333333333333,0.6428571428571429,0.6428571428571429,0.21999999999999997
0.6,0.4,0.671875,0.6557242014694057,0.6544288502648944,0.3333333333333333,0.6428571428571429,0.6428571428571429,0.19999999999999996
0.6,0.42,0.6770833333333334,0.6616198706773982,0.6575735043529448,0.328125,0.6428571428571429,0.6545454545454545,0.18
0.6,0.44,0.6822916666666666,0.6676413255360624,0.6607181584409951,0.3229166666666667,0.6428571428571429,0.6666666666666666,0.15999999999999998
0.6,0.46,0.6822916666666666,0.6642172945890956,0.6519580506242835,0.3229166666666667,0.6071428571428571,0.6538461538461539,0.13999999999999996
0.6,0.48,0.6770833333333334,0.6543157517753556,0.6400532887195216,0.328125,0.5714285714285714,0.6274509803921569,0.12
0.6,0.5,0.6770833333333334,0.6454123892245004,0.6225330730860984,0.328125,0.5,0.5957446808510638,0.09999999999999998
0.6,0.52,0.671875,0.6341555882459772,0.6106283111813365,0.3333333333333333,0.4642857142857143,0.5652173913043478,0.12
0.6,0.54,0.6614583333333334,0.6102830823371113,0.5868187873718127,0.34375,0.39285714285714285,0.5,0.14
0.6,0.56,0.6666666666666666,0.6160433183494884,0.589963441459863,0.3385416666666667,0.39285714285714285,0.5116279069767442,0.16000000000000003
0.6,0.58,0.6614583333333334,0.5952580727180269,0.5692985717383896,0.34375,0.32142857142857145,0.45,0.17999999999999994
0.6,0.6,0.65625,0.5809687388634757,0.5573938098336276,0.3489583333333333,0.2857142857142857,0.41025641025641024,0.19999999999999996
0.6,0.62,0.65625,0.5809687388634757,0.5573938098336276,0.3489583333333333,0.2857142857142857,0.41025641025641024,0.21999999999999997
0.6,0.64,0.640625,0.5337381916329286,0.521679524119342,0.3645833333333333,0.17857142857142858,0.2777777777777778,0.24
0.6,0.66,0.6458333333333334,0.5245863027342041,0.5160640703906806,0.359375,0.14285714285714285,0.24242424242424243,0.26
0.6,0.68,0.6510416666666666,0.5289080544498501,0.519208724478731,0.3541666666666667,0.14285714285714285,0.25,0.28
0.6,0.7,0.6510416666666666,0.5289080544498501,0.519208724478731,0.3541666666666667,0.14285714285714285,0.25,0.29999999999999993
0.62,0.3,0.6614583333333334,0.6547972034342191,0.6682622300709484,0.3489583333333333,0.7142857142857143,0.6666666666666666,0.32
0.62,0.32,0.65625,0.6461434005888022,0.6563574681661865,0.3541666666666667,0.6785714285714286,0.6440677966101694,0.3
0.62,0.34,0.6666666666666666,0.6578772534654886,0.6626467763422871,0.34375,0.6785714285714286,0.6666666666666666,0.27999999999999997
0.62,0.36,0.6614583333333334,0.6488212509884336,0.6507420144375251,0.3489583333333333,0.6428571428571429,0.6428571428571429,0.26
0.62,0.38,0.6614583333333334,0.6488212509884336,0.6507420144375251,0.3489583333333333,0.6428571428571429,0.6428571428571429,0.24
0.62,0.4,0.6614583333333334,0.6488212509884336,0.6507420144375251,0.3489583333333333,0.6428571428571429,0.6428571428571429,0.21999999999999997
0.62,0.42,0.6666666666666666,0.6547831253713606,0.6538866685255754,0.34375,0.6428571428571429,0.6545454545454545,0.2
0.62,0.44,0.671875,0.6608697191356795,0.6570313226136258,0.3385416666666667,0.6428571428571429,0.6666666666666666,0.18
0.62,0.46,0.671875,0.6575010647090184,0.6482712147969142,0.3385416666666667,0.6071428571428571,0.6538461538461539,0.15999999999999998
0.62,0.48,0.6666666666666666,0.6475911236768851,0.6363664528921523,0.34375,0.5714285714285714,0.6274509803921569,0.14
0.62,0.5,0.6666666666666666,0.6387943426443387,0.6188462372587291,0.34375,0.5,0.5957446808510638,0.12
0.62,0.52,0.6614583333333334,0.627529391744786,0.6069414753539673,0.3489583333333333,0.4642857142857143,0.5652173913043478,0.14
0.62,0.54,0.6510416666666666,0.603641456582633,0.5831319515444434,0.359375,0.39285714285714285,0.5,0.16000000000000003
0.62,0.56,0.65625,0.6094605451650595,0.5862766056324937,0.3541666666666667,0.39285714285714285,0.5116279069767442,0.18000000000000005
0.62,0.58,0.6510416666666666,0.5887177093059446,0.5656117359110203,0.359375,0.32142857142857145,0.45,0.19999999999999996
0.62,0.6,0.6458333333333334,0.5744210096110147,0.5537069740062583,0.3645833333333333,0.2857142857142857,0.41025641025641024,0.21999999999999997
0.62,0.62,0.6458333333333334,0.5744210096110147,0.5537069740062583,0.3645833333333333,0.2857142857142857,0.41025641025641024,0.24
0.62,0.64,0.6302083333333334,0.527169916972126,0.5179926882919726,0.3802083333333333,0.17857142857142858,0.2777777777777778,0.26
0.62,0.66,0.6354166666666666,0.5181209369850344,0.5123772345633113,0.375,0.14285714285714285,0.24242424242424243,0.28
0.62,0.68,0.640625,0.5224961229126843,0.5155218886513616,0.3697916666666667,0.14285714285714285,0.25,0.30000000000000004
0.62,0.7,0.640625,0.5224961229126843,0.5155218886513616,0.3697916666666667,0.14285714285714285,0.25,0.31999999999999995
0.64,0.3,0.6614583333333334,0.6547972034342191,0.6682622300709484,0.3489583333333333,0.7142857142857143,0.6666666666666666,0.34
0.64,0.32,0.65625,0.6461434005888022,0.6563574681661865,0.3541666666666667,0.6785714285714286,0.6440677966101694,0.32
0.64,0.34,0.6666666666666666,0.6578772534654886,0.6626467763422871,0.34375,0.6785714285714286,0.6666666666666666,0.3
0.64,0.36,0.6614583333333334,0.6488212509884336,0.6507420144375251,0.3489583333333333,0.6428571428571429,0.6428571428571429,0.28
0.64,0.38,0.6614583333333334,0.6488212509884336,0.6507420144375251,0.3489583333333333,0.6428571428571429,0.6428571428571429,0.26
0.64,0.4,0.6614583333333334,0.6488212509884336,0.6507420144375251,0.3489583333333333,0.6428571428571429,0.6428571428571429,0.24
0.64,0.42,0.6666666666666666,0.6547831253713606,0.6538866685255754,0.34375,0.6428571428571429,0.6545454545454545,0.22000000000000003
0.64,0.44,0.671875,0.6608697191356795,0.6570313226136258,0.3385416666666667,0.6428571428571429,0.6666666666666666,0.2
0.64,0.46,0.671875,0.6575010647090184,0.6482712147969142,0.3385416666666667,0.6071428571428571,0.6538461538461539,0.18
0.64,0.48,0.6666666666666666,0.6475911236768851,0.6363664528921523,0.34375,0.5714285714285714,0.6274509803921569,0.16000000000000003
0.64,0.5,0.6666666666666666,0.6387943426443387,0.6188462372587291,0.34375,0.5,0.5957446808510638,0.14
0.64,0.52,0.6614583333333334,0.627529391744786,0.6069414753539673,0.3489583333333333,0.4642857142857143,0.5652173913043478,0.16000000000000003
0.64,0.54,0.6510416666666666,0.603641456582633,0.5831319515444434,0.359375,0.39285714285714285,0.5,0.18000000000000005
0.64,0.56,0.65625,0.6094605451650595,0.5862766056324937,0.3541666666666667,0.39285714285714285,0.5116279069767442,0.20000000000000007
0.64,0.58,0.6510416666666666,0.5887177093059446,0.5656117359110203,0.359375,0.32142857142857145,0.45,0.21999999999999997
0.64,0.6,0.6458333333333334,0.5744210096110147,0.5537069740062583,0.3645833333333333,0.2857142857142857,0.41025641025641024,0.24
0.64,0.62,0.6458333333333334,0.5744210096110147,0.5537069740062583,0.3645833333333333,0.2857142857142857,0.41025641025641024,0.26
0.64,0.64,0.6302083333333334,0.527169916972126,0.5179926882919726,0.3802083333333333,0.17857142857142858,0.2777777777777778,0.28
0.64,0.66,0.6354166666666666,0.5181209369850344,0.5123772345633113,0.375,0.14285714285714285,0.24242424242424243,0.30000000000000004
0.64,0.68,0.640625,0.5224961229126843,0.5155218886513616,0.3697916666666667,0.14285714285714285,0.25,0.32000000000000006
0.64,0.7,0.640625,0.5224961229126843,0.5155218886513616,0.3697916666666667,0.14285714285714285,0.25,0.33999999999999997
0.66,0.3,0.671875,0.6652329749103942,0.6823589552932429,0.34375,0.7142857142857143,0.6666666666666666,0.36000000000000004
0.66,0.32,0.6666666666666666,0.656539155870003,0.670454193388481,0.3489583333333333,0.6785714285714286,0.6440677966101694,0.34
0.66,0.34,0.6770833333333334,0.6683528435475042,0.6767435015645816,0.3385416666666667,0.6785714285714286,0.6666666666666666,0.32
0.66,0.36,0.671875,0.6592572512876118,0.6648387396598197,0.34375,0.6428571428571429,0.6428571428571429,0.30000000000000004
0.66,0.38,0.671875,0.6592572512876118,0.6648387396598197,0.34375,0.6428571428571429,0.6428571428571429,0.28
0.66,0.4,0.671875,0.6592572512876118,0.6648387396598197,0.34375,0.6428571428571429,0.6428571428571429,0.26
0.66,0.42,0.6770833333333334,0.6652576115203968,0.66798339374787,0.3385416666666667,0.6428571428571429,0.6545454545454545,0.24000000000000005
0.66,0.44,0.6822916666666666,0.6713818422243101,0.6711280478359204,0.3333333333333333,0.6428571428571429,0.6666666666666666,0.22000000000000003
0.66,0.46,0.6822916666666666,0.668010752688172,0.6623679400192087,0.3333333333333333,0.6071428571428571,0.6538461538461539,0.2
0.66,0.48,0.6770833333333334,0.6580621959129899,0.6504631781144468,0.3385416666666667,0.5714285714285714,0.6274509803921569,0.18000000000000005
0.66,0.5,0.6770833333333334,0.6492605445837536,0.6329429624810237,0.3385416666666667,0.5,0.5957446808510638,0.16000000000000003
0.66,0.52,0.671875,0.6379586058643877,0.6210382005762618,0.34375,0.4642857142857143,0.5652173913043478,0.18000000000000005
0.66,0.54,0.6614583333333334,0.6139984070091596,0.597228676766738,0.3541666666666667,0.39285714285714285,0.5,0.20000000000000007
0.66,0.56,0.6666666666666666,0.6198513914192834,0.6003733308547882,0.3489583333333333,0.39285714285714285,0.5116279069767442,0.22000000000000008
0.66,0.58,0.6614583333333334,0.599071358748778,0.5797084611333146,0.3541666666666667,0.32142857142857145,0.45,0.24
0.66,0.6,0.65625,0.5847402650059196,0.5678036992285528,0.359375,0.2857142857142857,0.41025641025641024,0.26
0.66,0.62,0.65625,0.5847402650059196,0.5678036992285528,0.359375,0.2857142857142857,0.41025641025641024,0.28
0.66,0.64,0.640625,0.537389059566479,0.5320894135142671,0.375,0.17857142857142858,0.2777777777777778,0.30000000000000004
0.66,0.66,0.6458333333333334,0.5283709627179857,0.5264739597856058,0.3697916666666667,0.14285714285714285,0.24242424242424243,0.32000000000000006
0.66,0.68,0.6510416666666666,0.5327768345595171,0.5296186138736562,0.3645833333333333,0.14285714285714285,0.25,0.3400000000000001
0.66,0.7,0.6510416666666666,0.5327768345595171,0.5296186138736562,0.3645833333333333,0.14285714285714285,0.25,0.36
0.68,0.3,0.6770833333333334,0.6704577664399093,0.6907085540787558,0.34375,0.7142857142857143,0.6666666666666666,0.38000000000000006
0.68,0.32,0.671875,0.6617334702744558,0.6788037921739939,0.3489583333333333,0.6785714285714286,0.6440677966101694,0.36000000000000004
0.68,0.34,0.6822916666666666,0.6736198352875489,0.6850931003500945,0.3385416666666667,0.6785714285714286,0.6666666666666666,0.34
0.68,0.36,0.6770833333333334,0.6644940476190476,0.6731883384453327,0.34375,0.6428571428571429,0.6428571428571429,0.32000000000000006
0.68,0.38,0.6770833333333334,0.6644940476190476,0.6731883384453327,0.34375,0.6428571428571429,0.6428571428571429,0.30000000000000004
0.68,0.4,0.6770833333333334,0.6644940476190476,0.6731883384453327,0.34375,0.6428571428571429,0.6428571428571429,0.28
0.68,0.42,0.6822916666666666,0.6705294549977386,0.6763329925333829,0.3385416666666667,0.6428571428571429,0.6545454545454545,0.26000000000000006
0.68,0.44,0.6875,0.6766879812981298,0.6794776466214332,0.3333333333333333,0.6428571428571429,0.6666666666666666,0.24000000000000005
0.68,0.46,0.6875,0.6733204499748617,0.6707175388047216,0.3333333333333333,0.6071428571428571,0.6538461538461539,0.22000000000000003
0.68,0.48,0.6822916666666666,0.6633423999681173,0.6588127768999598,0.3385416666666667,0.5714285714285714,0.6274509803921569,0.20000000000000007
0.68,0.5,0.6822916666666666,0.6545474693745971,0.6412925612665364,0.3385416666666667,0.5,0.5957446808510638,0.18000000000000005
0.68,0.52,0.6770833333333334,0.6432173050379572,0.6293877993617746,0.34375,0.4642857142857143,0.5652173913043478,0.20000000000000007
0.68,0.54,0.6666666666666666,0.6192020440251572,0.6055782755522507,0.3541666666666667,0.39285714285714285,0.5,0.22000000000000008
0.68,0.56,0.671875,0.6250858672708083,0.6087229296403011,0.3489583333333333,0.39285714285714285,0.5116279069767442,0.2400000000000001
0.68,0.58,0.6666666666666666,0.6042824074074075,0.5880580599188276,0.3541666666666667,0.32142857142857145,0.45,0.26
0.68,0.6,0.6614583333333334,0.5899251398243334,0.5761532980140657,0.359375,0.2857142857142857,0.41025641025641024,0.28
0.68,0.62,0.6614583333333334,0.5899251398243334,0.5761532980140657,0.359375,0.2857142857142857,0.41025641025641024,0.30000000000000004
0.68,0.64,0.6458333333333334,0.5424978956228955,0.5404390122997801,0.375,0.17857142857142858,0.2777777777777778,0.32000000000000006
0.68,0.66,0.6510416666666666,0.5335126772206368,0.5348235585711187,0.3697916666666667,0.14285714285714285,0.24242424242424243,0.3400000000000001
0.68,0.68,0.65625,0.5379464285714285,0.537968212659169,0.3645833333333333,0.14285714285714285,0.25,0.3600000000000001
0.68,0.7,0.65625,0.5379464285714285,0.537968212659169,0.3645833333333333,0.14285714285714285,0.25,0.38
0.7,0.3,0.65625,0.6549873737373737,0.6781299377265545,0.3645833333333333,0.7142857142857143,0.6666666666666666,0.39999999999999997
0.7,0.32,0.6510416666666666,0.6462850157853232,0.6662251758217926,0.3697916666666667,0.6785714285714286,0.6440677966101694,0.37999999999999995
0.7,0.34,0.6614583333333334,0.6583527583527583,0.6725144839978933,0.359375,0.6785714285714286,0.6666666666666666,0.35999999999999993
0.7,0.36,0.65625,0.6492475778190063,0.6606097220931314,0.3645833333333333,0.6428571428571429,0.6428571428571429,0.33999999999999997
0.7,0.38,0.65625,0.6492475778190063,0.6606097220931314,0.3645833333333333,0.6428571428571429,0.6428571428571429,0.31999999999999995
0.7,0.4,0.65625,0.6492475778190063,0.6606097220931314,0.3645833333333333,0.6428571428571429,0.6428571428571429,0.29999999999999993
0.7,0.42,0.6614583333333334,0.6553709685689381,0.6637543761811816,0.359375,0.6428571428571429,0.6545454545454545,0.27999999999999997
0.7,0.44,0.6666666666666666,0.6616161616161617,0.6668990302692319,0.3541666666666667,0.6428571428571429,0.6666666666666666,0.25999999999999995
0.7,0.46,0.6666666666666666,0.6583527583527583,0.6581389224525204,0.3541666666666667,0.6071428571428571,0.6538461538461539,0.23999999999999994
0.7,0.48,0.6614583333333334,0.6483935048465338,0.6462341605477585,0.359375,0.5714285714285714,0.6274509803921569,0.21999999999999997
0.7,0.5,0.6614583333333334,0.6397986088178097,0.6287139449143352,0.359375,0.5,0.5957446808510638,0.19999999999999996
0.7,0.52,0.65625,0.6284862129100204,0.6168091830095733,0.3645833333333333,0.4642857142857143,0.5652173913043478,0.21999999999999997
0.7,0.54,0.6458333333333334,0.6045066045066045,0.5929996592000495,0.375,0.39285714285714285,0.5,0.24
0.7,0.56,0.6510416666666666,0.6104682071634336,0.5961443132880998,0.3697916666666667,0.39285714285714285,0.5116279069767442,0.26
0.7,0.58,0.6458333333333334,0.5897751095864303,0.5754794435666264,0.375,0.32142857142857145,0.45,0.2799999999999999
0.7,0.6,0.640625,0.5754347374065684,0.5635746816618644,0.3802083333333333,0.2857142857142857,0.41025641025641024,0.29999999999999993
0.7,0.62,0.640625,0.5754347374065684,0.5635746816618644,0.3802083333333333,0.2857142857142857,0.41025641025641024,0.31999999999999995
0.7,0.64,0.625,0.5280583613916948,0.5278603959475788,0.3958333333333333,0.17857142857142858,0.2777777777777778,0.33999999999999997
0.7,0.66,0.6302083333333334,0.5192334301923343,0.5222449422189174,0.390625,0.14285714285714285,0.24242424242424243,0.36
0.7,0.68,0.6354166666666666,0.5237373737373737,0.5253895963069678,0.3854166666666667,0.14285714285714285,0.25,0.38
0.7,0.7,0.6354166666666666,0.5237373737373737,0.5253895963069678,0.3854166666666667,0.14285714285714285,0.25,0.3999999999999999
