content_hash,image_path,source_dataset,sensitivity_level,label,probability_fake
006ee61f66b7d52d7c5e51f48e5824f2a032cf318f31e3a470dee6743999f343,images/006ee61f66b7d52d7c5e51f48e5824f2a032cf318f31e3a470dee6743999f343.png,saberzl/SID_Set,high,1,0.9772985577583313
00dce87d8dc797286f65edb6be61a2c53108e35134b76defb3c2ade3b95c1954,images/00dce87d8dc797286f65edb6be61a2c53108e35134b76defb3c2ade3b95c1954.png,saberzl/SID_Set,high,1,0.9920735955238342
05622c361cd2560c875a1395e127903ef94f3d757355e8f4653a67f6e8bf3b6a,images/05622c361cd2560c875a1395e127903ef94f3d757355e8f4653a67f6e8bf3b6a.jpg,RRDataset,high,0,0.7269667387008667
091fad4af1b62a2001892ab1b2c045364c580616c8202cd9416b649a74aec05b,images/091fad4af1b62a2001892ab1b2c045364c580616c8202cd9416b649a74aec05b.png,RRDataset,high,1,0.9200228452682495
0adeda896144232fcedede0b977e248f1cbbca50c2d3afeec7110c9e972cb84d,images/0adeda896144232fcedede0b977e248f1cbbca50c2d3afeec7110c9e972cb84d.png,RRDataset,high,1,0.9903379678726196
14cb61472007671f150ef1f7d9d1b5449344eed3f11cbe23eb0fb4b905fc103e,images/14cb61472007671f150ef1f7d9d1b5449344eed3f11cbe23eb0fb4b905fc103e.png,RRDataset,high,1,0.9456176161766052
21cd061cb0650a4449a8f73ddf335f17e924e52beab9784846cd124801c9a99b,images/21cd061cb0650a4449a8f73ddf335f17e924e52beab9784846cd124801c9a99b.png,RRDataset,high,1,0.7042414546012878
239befe410762a4de63d6ad9dc9d8f43d3472c1839a9f5a0cf380ae233c8a7a0,images/239befe410762a4de63d6ad9dc9d8f43d3472c1839a9f5a0cf380ae233c8a7a0.png,RRDataset,high,1,0.9903665781021118
27f9fff865bd98c471eee710adf305ce3fec4832653e1580fa45f265c8c3489a,images/27f9fff865bd98c471eee710adf305ce3fec4832653e1580fa45f265c8c3489a.png,RRDataset,high,1,0.9406031966209412
2900b6e799ecbab10ef1acbc88c6fdfa3f136118d16c22e816b7466b8fb012a9,images/2900b6e799ecbab10ef1acbc88c6fdfa3f136118d16c22e816b7466b8fb012a9.jpg,saberzl/SID_Set,high,0,0.1534370481967926
30b9eccbf9c76256a014540d505719d96380de0c54951bbb3d50da2a985c7619,images/30b9eccbf9c76256a014540d505719d96380de0c54951bbb3d50da2a985c7619.jpg,ComplexDataLab/OpenFake,high,0,0.8699480295181274
3472b378ba5684e266307c1be123518115fd738e276e5433f150126696832555,images/3472b378ba5684e266307c1be123518115fd738e276e5433f150126696832555.png,RRDataset,high,1,0.7738934755325317
35d5fa6f62864bdcf5b419a707642e65924e89bd73f97c9a1d70860aa4b7fb2f,images/35d5fa6f62864bdcf5b419a707642e65924e89bd73f97c9a1d70860aa4b7fb2f.png,RRDataset,high,1,0.9870785474777222
35e47f8ca87424ebba5b2eb391a9ba902f2f10d8db10b7b0f7fff6f763cf7a36,images/35e47f8ca87424ebba5b2eb391a9ba902f2f10d8db10b7b0f7fff6f763cf7a36.jpg,ComplexDataLab/OpenFake,high,0,0.7127197980880737
3a5fcda1f3a71105e640911ebda63673fbdf393b45ed99b2572e0b22474cf7c0,images/3a5fcda1f3a71105e640911ebda63673fbdf393b45ed99b2572e0b22474cf7c0.png,RRDataset,high,1,0.9964802861213684
44e9c9246c2682caee60c2de2186d9ab444a4bbe50956523120635bc1b3aeb34,images/44e9c9246c2682caee60c2de2186d9ab444a4bbe50956523120635bc1b3aeb34.png,ComplexDataLab/OpenFake,high,1,0.9784917831420898
4b99e36987a89fa071a9f8ba3aa950b24c5c3caf8f38f45e418353e72b34aed3,images/4b99e36987a89fa071a9f8ba3aa950b24c5c3caf8f38f45e418353e72b34aed3.png,RRDataset,high,1,0.7307384610176086
4e325ee609e319dbbccf2b04ee8610d2c502122c3be1d1306e53a240b0d93e9e,images/4e325ee609e319dbbccf2b04ee8610d2c502122c3be1d1306e53a240b0d93e9e.png,RRDataset,high,1,0.942744255065918
5a5c27a6615916e32fcc6a465eef05d00b8dad4e611224e40bfbe43e0fb50b59,images/5a5c27a6615916e32fcc6a465eef05d00b8dad4e611224e40bfbe43e0fb50b59.png,RRDataset,high,1,0.963478147983551
5f1d99385759cba91ae16d14781b311ce2af47cee5b6c6e4646d19f58d33dc18,images/5f1d99385759cba91ae16d14781b311ce2af47cee5b6c6e4646d19f58d33dc18.jpg,saberzl/SID_Set,high,0,0.2206331491470337
60dcc7088f535f4f0a79a9a9d58889ddd6a92bc1f300d01a4489688d7c1b34db,images/60dcc7088f535f4f0a79a9a9d58889ddd6a92bc1f300d01a4489688d7c1b34db.png,RRDataset,high,1,0.8769112825393677
67bcae7cb7b01d98d49c5163eab96fa873c8ef30e7c0b3e509a0fb6f8c39dd90,images/67bcae7cb7b01d98d49c5163eab96fa873c8ef30e7c0b3e509a0fb6f8c39dd90.png,ComplexDataLab/OpenFake,high,1,0.9969586133956909
6db972a4b41af08c5c504682cb0bbc9b616756392441f6c68f5e0bc41a33bddb,images/6db972a4b41af08c5c504682cb0bbc9b616756392441f6c68f5e0bc41a33bddb.jpg,RRDataset,high,0,0.5459771752357483
6dd62d94597404c86d0e70a822526bbd6da2d24a791f63ef92f0bb8bab330ef3,images/6dd62d94597404c86d0e70a822526bbd6da2d24a791f63ef92f0bb8bab330ef3.png,RRDataset,high,1,0.9201425909996033
718425999d0d9a1a5e6fd574d86d604b9241143c81303c4d5efd3966e50f8833,images/718425999d0d9a1a5e6fd574d86d604b9241143c81303c4d5efd3966e50f8833.jpg,saberzl/SID_Set,high,0,0.1544186919927597
736f9d880dbb9751c7d016ab8450630e589a7dd5a03caaf5bc4ffe44a600f2ab,images/736f9d880dbb9751c7d016ab8450630e589a7dd5a03caaf5bc4ffe44a600f2ab.png,RRDataset,high,1,0.9314270615577698
77744259595a40262969a7975c0adb33fa122befbe9b8c9dd5a38ec2a8502ce2,images/77744259595a40262969a7975c0adb33fa122befbe9b8c9dd5a38ec2a8502ce2.png,RRDataset,high,1,0.9885779619216919
7870a49e2d9a6d30946984447b8358b87db072268ae95fea528d2c8403139c8a,images/7870a49e2d9a6d30946984447b8358b87db072268ae95fea528d2c8403139c8a.jpg,ComplexDataLab/OpenFake,high,0,0.09829438477754593
7cab84885b831e181471fd422759aaa6755a96b4daf2aaff22b546b4454babb2,images/7cab84885b831e181471fd422759aaa6755a96b4daf2aaff22b546b4454babb2.png,RRDataset,high,1,0.970958411693573
7f78fcc79c5a70f4bb9c22d95760338cf9ea8f01a5d7114d2660bad15d2cae05,images/7f78fcc79c5a70f4bb9c22d95760338cf9ea8f01a5d7114d2660bad15d2cae05.png,RRDataset,high,1,0.9864209890365601
8224ecf821b73db9b37114848f76318322152aa6a5a5d8f5108ef63e3efaefce,images/8224ecf821b73db9b37114848f76318322152aa6a5a5d8f5108ef63e3efaefce.png,RRDataset,high,1,0.9952955842018127
93742dcffb3c4aee5da22027f7f790791f99665f57b572f512368eac0e5770f7,images/93742dcffb3c4aee5da22027f7f790791f99665f57b572f512368eac0e5770f7.png,RRDataset,high,1,0.9330199360847473
958669004ea4ede7a824c1aa5036332f4850b9179e68254917cf9efc1612dfe4,images/958669004ea4ede7a824c1aa5036332f4850b9179e68254917cf9efc1612dfe4.png,RRDataset,high,1,0.9562106132507324
9698512cff795b05cc0984b4f81bbd55b9589c802bd262784fb5701cd1c93373,images/9698512cff795b05cc0984b4f81bbd55b9589c802bd262784fb5701cd1c93373.png,RRDataset,high,1,0.9979397654533386
9839d99fec2f61fba9f6a722bfcb8d86f58ee33d880695545fbf8830b245a8f0,images/9839d99fec2f61fba9f6a722bfcb8d86f58ee33d880695545fbf8830b245a8f0.jpg,ComplexDataLab/OpenFake,high,0,0.5159173011779785
9d7f0f3794d165ed74895c9f0dc2e4e6e5415e99fc563c493c907020f59cdbb2,images/9d7f0f3794d165ed74895c9f0dc2e4e6e5415e99fc563c493c907020f59cdbb2.png,saberzl/SID_Set,high,1,0.9620150923728943
a1f4f63efff9aaf30f5cf6af5c986815dd714543b7549c4ddfc900984235d3ad,images/a1f4f63efff9aaf30f5cf6af5c986815dd714543b7549c4ddfc900984235d3ad.png,RRDataset,high,1,0.7522635459899902
a4930bcf2f8ebd665cf9518718eb798bf15a57774a1cedee49e285ae92015a12,images/a4930bcf2f8ebd665cf9518718eb798bf15a57774a1cedee49e285ae92015a12.png,RRDataset,high,1,0.8466437458992004
a4fa55a28df775acece4ab89fb7ee9460bc6b90cfa6d0d16117bc9784ec3cd32,images/a4fa55a28df775acece4ab89fb7ee9460bc6b90cfa6d0d16117bc9784ec3cd32.png,RRDataset,high,1,0.995434582233429
a60e3e9ec3ffa6f14a6a0214726559cf45c87cdf9ad143c1eb0a85ebd623542e,images/a60e3e9ec3ffa6f14a6a0214726559cf45c87cdf9ad143c1eb0a85ebd623542e.png,RRDataset,high,1,0.9691828489303589
a75b43c425c42f72f8417d7379655f7528816fd7afa05c5187947844530cd929,images/a75b43c425c42f72f8417d7379655f7528816fd7afa05c5187947844530cd929.jpg,saberzl/SID_Set,high,0,0.6386088132858276
adf0c724a0bb9899fd4c14ddc1e445ed31c7f6da8ed0163ceb5bd6e377a96171,images/adf0c724a0bb9899fd4c14ddc1e445ed31c7f6da8ed0163ceb5bd6e377a96171.png,RRDataset,high,1,0.8624132871627808
afb2c113fd9c7872d582a97ead1b65be98858fdf44daaccd063bf8e6a9637958,images/afb2c113fd9c7872d582a97ead1b65be98858fdf44daaccd063bf8e6a9637958.png,RRDataset,high,1,0.9864185452461243
bdbd094814aee8248a08ac9c2dc86ed41a21a7dc8bf0dab20c1d3c8dfe8ab0ec,images/bdbd094814aee8248a08ac9c2dc86ed41a21a7dc8bf0dab20c1d3c8dfe8ab0ec.png,ComplexDataLab/OpenFake,high,1,0.9718682765960693
c661aa408c18fe45635909cef13019f38480e081c74574a95b8a225cd87cdeca,images/c661aa408c18fe45635909cef13019f38480e081c74574a95b8a225cd87cdeca.jpg,ComplexDataLab/OpenFake,high,0,0.040575847029685974
c8fb068bda13b7001df93d1e0411fad895cc6f4f5603a5ed0ee2e978672d9457,images/c8fb068bda13b7001df93d1e0411fad895cc6f4f5603a5ed0ee2e978672d9457.png,saberzl/SID_Set,high,1,0.9359474778175354
cb1ac85c9a939f067798036dce4f58bc4fca29d9c29b53d1136d9d6b04a3c053,images/cb1ac85c9a939f067798036dce4f58bc4fca29d9c29b53d1136d9d6b04a3c053.png,RRDataset,high,1,0.9661098122596741
d19c7b07f6ac89e5cd186b50431d3be5cb4f92ceb31e5145f34262db6c05488b,images/d19c7b07f6ac89e5cd186b50431d3be5cb4f92ceb31e5145f34262db6c05488b.png,RRDataset,high,1,0.5903574228286743
d36efdd710d2d64a71ebec4320df2db0a47f6b9f8f5dd3bdfb8894153b1a7c54,images/d36efdd710d2d64a71ebec4320df2db0a47f6b9f8f5dd3bdfb8894153b1a7c54.png,ComplexDataLab/OpenFake,high,1,0.9852225184440613
df6808b76272bc58b91db76b4f8852df72f41128b172bb9916129aabb8ea867c,images/df6808b76272bc58b91db76b4f8852df72f41128b172bb9916129aabb8ea867c.png,ComplexDataLab/OpenFake,high,1,0.9963485598564148
e23c5f97c3c0819f7d70bafa2a2535809ec47896f11c9f20561b1af807e8a9a5,images/e23c5f97c3c0819f7d70bafa2a2535809ec47896f11c9f20561b1af807e8a9a5.png,saberzl/SID_Set,high,1,0.9640693068504333
e5657ebaf73c003442c84f52ddbc5988c3b01ea959d9e882c69478739322fd25,images/e5657ebaf73c003442c84f52ddbc5988c3b01ea959d9e882c69478739322fd25.png,RRDataset,high,1,0.8982673287391663
e693e0de14c7bf14e43f1defe408ec51e6e5adbceeb3480b5dbf3836bcab763b,images/e693e0de14c7bf14e43f1defe408ec51e6e5adbceeb3480b5dbf3836bcab763b.png,ComplexDataLab/OpenFake,high,1,0.9479996562004089
eacf05b6e480566f6e181e8d28b15b8cce0f6ce394740ab921bfa8ef75ad2697,images/eacf05b6e480566f6e181e8d28b15b8cce0f6ce394740ab921bfa8ef75ad2697.png,RRDataset,high,1,0.5949001312255859
eebc5a29824d06d848f92ad4b7a868a27099cafe6d8df5a3a63d53e7a7b6bfdd,images/eebc5a29824d06d848f92ad4b7a868a27099cafe6d8df5a3a63d53e7a7b6bfdd.jpg,ComplexDataLab/OpenFake,high,0,0.5993075370788574
f3087ec42b093a0d95d1e819991be4ed37264fb9fd43c4fa0daa0d9ecf05c376,images/f3087ec42b093a0d95d1e819991be4ed37264fb9fd43c4fa0daa0d9ecf05c376.png,ComplexDataLab/OpenFake,high,1,0.9994810223579407
f37d0c78bd258f62f15ad6459f53183b43a087737846ba8f36d8187a61bf9b6c,images/f37d0c78bd258f62f15ad6459f53183b43a087737846ba8f36d8187a61bf9b6c.png,RRDataset,high,1,0.9755095839500427
f479516e7f1638748716ae8eeb4934dafeb4f012fba9b97823937f670179468f,images/f479516e7f1638748716ae8eeb4934dafeb4f012fba9b97823937f670179468f.png,RRDataset,high,1,0.8809743523597717
f6ceb1e38c8bb0fcdc424d00db65429ae8099aafc28c16d07b688bf7c8a561e1,images/f6ceb1e38c8bb0fcdc424d00db65429ae8099aafc28c16d07b688bf7c8a561e1.png,RRDataset,high,1,0.6593001484870911
fbf404aa98dcf57b5bdafeb40c953ed4c33690ef9e53bef54a7f36fda41e0034,images/fbf404aa98dcf57b5bdafeb40c953ed4c33690ef9e53bef54a7f36fda41e0034.png,RRDataset,high,1,0.9832814335823059
fd232ae9bddbadb813fac597202ace2e189cbfffc1d82f07bbc3c11c3b8bf1f5,images/fd232ae9bddbadb813fac597202ace2e189cbfffc1d82f07bbc3c11c3b8bf1f5.png,RRDataset,high,1,0.8284476399421692
